顧客コード,サイトコード,在庫場所コード,発注番号,仕入れ先コード,明細行番号,システムsku,品番,品名,構成１ラベル,構成２ラベル,構成３ラベル,構成４ラベル,構成１名,構成２名,構成３名,構成４名,発注単価,入荷予定日,入荷予定数量,パターンコード(分類),パターンコード(パターン),取り消し区分,備考欄
110001,001,00001,000000006514,71,001,,,【経口避妊薬】　Lybrel  /  ライブレルジェネリック  28x1ヶ月分,,,EC061,,1錠,1.5 MG,,,6057,20141214,1,00,101,0,
110001,001,00001,000000006514,71,002,,,アムロジピン/AMLODIPINE BESYLATE 5MG 90錠,,,AH152,,,,,,213,20141214,1,00,101,0,
110001,001,00001,000000006514,71,003,,,ベナゼプリル塩酸塩 10MG 100錠/ BENAZEPRIL HCL 10MG 100TABS,,,CS452,,100MG,60カプセル,,,501,20141214,1,00,101,0,
110001,001,00001,000000006514,71,004,,,カベルゴリン/CABERGOLINE 0.5MG 8錠,,,NV031,,0.5MG,90TAB,,,8640,20141214,2,00,101,0,
110001,001,00001,000000006514,71,005,,,プロメタジン塩酸塩/PROMETHAZINE 50 MG  100錠,,,AL002,,10MG,30TAB,,,1908,20141214,2,00,101,0,
110001,001,00001,000000006514,71,006,,,【抗菌剤クラビットのジェネリック】【多剤耐性結核】レボフロキサシン/LEVOFLOXACIN 500MG 100錠,,,ID494,,500MG,50TAB,,,949,20141214,1,00,101,0,
110001,001,00001,000000006514,71,007,,,【トリコモナス症治療薬】メトロニダゾール /METRONIDAZOLE 500 MG 50錠,,,ID143,,500MG,100TAB,,,584,20141214,1,00,101,0,
110001,001,00001,000000006514,71,008,,,グリメピリド/GLIMEPIRIDE1 MG 100錠,,,DM051,,,,,,251,20141214,1,00,101,0,
110001,001,00001,000000006515,73,001,,,【血小板増多症治療薬】アナグレライド/ANAGRELIDE HCL 1MG　100カプセル,,,CS012,,1MG,100カプセル,,,2182,20141214,6,00,101,0,
110001,001,00001,000000006516,01,001,0195330BK0000L00,0195330BK0000L00,12-8507,BK0000,L00,12-8507BK0000L00,,ブラック,Lサイズ,,,900,20141214,1,00,101,0,ブラ　ナイロン
110001,001,00001,000000006516,01,002,0195331BK0000XL0,0195331BK0000XL0,12-8507,BK0000,XL0,12-8507BK0000XL0,,ブラック,ＸＬサイズ,,,900,20141214,1,00,101,0,ブラ　ナイロン
110001,001,00001,000000006516,01,003,0129602BK0000S00,0129602BK0000S00,Leather mini skirt,BK0000,S00,13-602BK0000S00,,ブラック,Sサイズ,,,3300,20141214,1,00,101,0,ミニスカート　合皮
110001,001,00001,000000006516,01,004,0128905HP0000L00,0128905HP0000L00,13-9077 Patent pleated skirt Allure Leather Bondage Fetish SM,HP0000,L00,13-9077HP0000L00,,ホットピンク,Lサイズ,,,1100,20141214,2,00,101,0,スカート　ナイロン
110001,001,00001,000000006516,01,005,0106889BK0000S00,0106889BK0000S00,Leather Bustier with Zipper,BK0000,S00,5-113BK0000S00,,ブラック,Sサイズ,,,3200,20141214,1,00,101,0,ビスチェ　合皮
110001,001,00001,000000006516,01,006,0155fzpBK0000S00,0155fzpBK0000S00,5-7402 Tempt & tease bustier,BK0000,S00,5-7402BK0000S00,,ブラック,Sサイズ,,,1400,20141214,1,00,101,0,ビスチェ　合皮
110001,001,00001,000000006516,01,007,0167391BK0000OS0,0167391BK0000OS0,G-2007 VINYL LACE UP GLOVE,BK0000,OS0,G-2007BK0000OS0,,ブラック,ワンサイズ,,,800,20141214,1,00,101,0,
110001,001,00001,000000006517,04,001,0489628WTPK00S00,0489628WTPK00S00,22867H True Bliss Bustier Coat Set with Hose,WTPK00,S00,22867HWTPK00S00,,ホワイト ピンク,Sサイズ,,,2850,20141214,1,00,101,0,ビスチェ　ナイロン
110001,001,00001,000000006517,04,002,04vNVzFBKJD00S00,04vNVzFBKJD00S00,Mystical Teddiette with black hose Black and Teal,BKJD00,S00,24490hBKJD00S00,,ブラック ジェイド(翡翠） ,Sサイズ,,,1295,20141214,1,00,101,0,テディ　ナイロン
110001,001,00001,000000006517,04,003,0489657PK0000S00,0489657PK0000S00,babydoll/baby doll/30591 Sweet Boutique Baby Doll,PK0000,S00,30591PK0000S00,,ピンク,Sサイズ,,,1775,20141214,1,00,101,0,ベビードール　ナイロン
110001,001,00001,000000006517,04,004,04VHILbBKPK00L00,04VHILbBKPK00L00,30767H Love Set W/Hose,BKPK00,L00,30767hBKPK00L00,,ブラック ピンク,Lサイズ,,,2695,20141214,1,00,101,0,ビスチェ　ナイロン
110001,001,00001,000000006517,04,005,04yNx4nBKWT00M00,04yNx4nBKWT00M00,31528 New Head Maid,BKWT00,M00,31528BKWT00M00,,ブラック ホワイト,Mサイズ,,,2200,20141214,1,00,101,0,コスチュームドレス　ナイロン
110001,001,00001,000000006517,04,006,04s6ImXBK0000S00,04s6ImXBK0000S00,Lace and Faux Lether Fetish Bustier with Lace Up Back Black Hose,BK0000,S00,31740hBK0000S00,,ブラック  ,Sサイズ,,,1895,20141214,1,00,101,0,ビスチェ　ナイロン
110001,001,00001,000000006518,30,001,30U5cGaUE0000OS0,30U5cGaUE0000OS0,stm-40109 Seven till Midnight Satin Gloves Sexy Lingerie,UE0000,OS0,stm-40109UE0000OS0,,ブルー,ワンサイズ,,,500,20141214,1,00,101,0,グローブ　ナイロン
110001,001,00001,000000006518,30,002,30ptxQILPBK00OS0,30ptxQILPBK00OS0,Fingerless Elbow Length Lace-Up Gloves (Packaged),LPBK00,OS0,40118LPBK00OS0,,ペールピンク ブラック,ワンサイズ,,,500,20141214,1,00,101,0,グローブ　ナイロン
110001,001,00001,000000006518,30,003,30QlME4BK0000OS0,30QlME4BK0000OS0,STM-9764P Three piece iame set,BK0000,OS0,stm-9764pBK0000OS0,,ブラック,ワンサイズ,,,1300,20141214,1,00,101,0,ブラ　ナイロン
110001,001,00001,000000006518,30,004,30wOpHbBK0000M00,30wOpHbBK0000M00,STM-9771 Mesh & Scallop Lace Panty (Non-Packaged),BK0000,M00,stm-9771BK0000M00,,ブラック,Mサイズ,,,350,20141214,2,00,101,0,パンティ　ナイロン
110001,001,00001,000000006518,30,005,30LIcY6PK0000L00,30LIcY6PK0000L00,Candy Cat Cami Set (Non-Packaged),PK0000,L00,9917PK0000L00,,ピンク,Lサイズ,,,1200,20141214,1,00,101,0,キャミソール　ナイロン
110001,001,00001,000000006519,24,001,24fcBWdRD0000S00,24fcBWdRD0000S00,1023sc Skirt Set,RD0000,S00,1023scRD0000S00,,レッド,Sサイズ,,,4950,20141214,1,00,101,0,コスチュームドレス　ナイロン
110001,001,00001,000000006519,24,002,2481088BK0000SM0,2481088BK0000SM0,7005Black  Go Go Girl/J.Valentine  Stretch Velvet Shorts,BK0000,SM0,7005BlackBK0000SM0,,ブラック,S/Mサイズ,,,675,20141214,1,00,101,0,パンティ　ナイロン
110001,001,00001,000000006519,24,003,2488975GNWT00L00,2488975GNWT00L00,0,GNWT00,L00,CS129GNWT00L00,,緑 ホワイト,Lサイズ,,,3950,20141214,1,00,101,0,コスチュームドレス　ナイロン
110001,001,00001,000000006520,12,001,1213858BK0000OS0,1213858BK0000OS0,Garter belt stocking,BK0000,OS0,1653BK0000OS0,,ブラック  ,ワンサイズ,,,250,20141214,6,00,101,0,ストッキング　ナイロン
110001,001,00001,000000006520,12,002,1213845BK0000OS0,1213845BK0000OS0,Garter belt stocking,BK0000,OS0,1767BK0000OS0,,ブラック  ,ワンサイズ,,,190,20141214,6,00,101,0,ストッキング　ナイロン
110001,001,00001,000000006520,12,003,1213656BG0000OS0,1213656BG0000OS0,Sheer nylon crotchless pantyhose,BG0000,OS0,1905BG0000OS0,,ベージュ  ,ワンサイズ,,,125,20141214,12,00,101,0,ストッキング　ナイロン
110001,001,00001,000000006520,12,004,1213653BK0000OS0,1213653BK0000OS0,Sheer nylon crotchless pantyhose,BK0000,OS0,1905BK0000OS0,,ブラック  ,ワンサイズ,,,125,20141214,6,00,101,0,ストッキング　ナイロン
110001,001,00001,000000006520,12,005,1281360LO0000OS0,1281360LO0000OS0,2109 Leopard elbow length gloves,LO0000,OS0,2109LO0000OS0,,ヒョウ柄,ワンサイズ,,,630,20141214,1,00,101,0,手袋　ナイロン
110001,001,00001,000000006520,12,006,123QZI0PKNE00OS0,123QZI0PKNE00OS0,2673 Harlequin neon wig with curly puff clip-on pieces and adjustable elastic strap,PKNE00,OS0,2673PKNE00OS0,,ピンク ネオン（蛍光色）,ワンサイズ,,,1200,20141214,1,00,101,0,ウィッグ　アクリル
110001,001,00001,000000006520,12,007,1249613BKWT00OS0,1249613BKWT00OS0,striped stirrup knee highs,BKWT00,OS0,5563BKWT00OS0,,ブラック ホワイト,ワンサイズ,,,160,20141214,6,00,101,0,ストッキング　ナイロン
110001,001,00001,000000006520,12,008,1213510BK0000OS0,1213510BK0000OS0,satin lace up stocking,BK0000,OS0,6289BK0000OS0,,ブラック,ワンサイズ,,,500,20141214,6,00,101,0,ストッキング　ナイロン
110001,001,00001,000000006520,12,009,129ZytGWTBK00S00,129ZytGWTBK00S00,BRA AND RUFFLE BACK GSTRING,WTBK00,S00,81440WTBK00S00,,ホワイト ブラック,Sサイズ,,,1195,20141214,1,00,101,0,ブラ　ナイロン
110001,001,00001,000000006520,12,010,1275496BK0000OS0,1275496BK0000OS0,8208 Opaque bodystocking,BK0000,OS0,8208BK0000OS0,,ブラック,ワンサイズ,,,350,20141214,6,00,101,0,ストッキング　ナイロン
110001,001,00001,000000006520,12,011,1213205ND0000OS0,1213205ND0000OS0,Scoopneck bodystocking,ND0000,OS0,8297ND0000OS0,,ヌード  ,ワンサイズ,,,250,20141214,6,00,101,0,ストッキング　ナイロン
110001,001,00001,000000006520,12,012,12G17CdBK0000M00,12G17CdBK0000M00,85047 Lame zipper front catsuit　/Leg Avenue,BK0000,M00,85047BK0000M00,,ブラック,Mサイズ,,,1692,20141214,2,00,101,0,キャットスーツ　ポリエステル
110001,001,00001,000000006520,12,013,12fr6wxPK0000S00,12fr6wxPK0000S00,87044 2 PC garter dress with micro net overlay satin bow accents with rosette detail and g-string,PK0000,S00,87044PK0000S00,,ピンク,Sサイズ,,,2250,20141214,1,00,101,0,ワンピース　ナイロン
110001,001,00001,000000006520,12,014,129IB5sWTBK00SM0,129IB5sWTBK00SM0,HIGHLOW BABYDOLL AND GSTRING,WTBK00,SM0,8711WTBK00SM0,,ホワイト ブラック,S/Mサイズ,,,1195,20141214,1,00,101,0,ベビードール　ナイロン
110001,001,00001,000000006520,12,015,1201138RD0000OS0,1201138RD0000OS0,2PC.Romantic lace open front babydoll with matching G-string.,RD0000,OS0,8782RD0000OS0,,レッド,ワンサイズ,,,500,20141214,6,00,101,0,ベビードール　ナイロン
110001,001,00001,000000006520,12,016,12eo8jaWT0000OS0,12eo8jaWT0000OS0,A1705LA  Leg Avenue Organza tutu One Size,WT0000,OS0,A1705LAWT0000OS0,,ホワイト  ,ワンサイズ,,,630,20141214,3,00,101,0,パニエ　ナイロン
110001,001,00001,000000006520,12,017,1279960RD0000OS0,1279960RD0000OS0,A1705LA  Leg Avenue Organza tutu One Size,RD0000,OS0,A1705LARD0000OS0,,レッド  ,ワンサイズ,,,630,20141214,1,00,101,0,パニエ　ナイロン
110001,001,00001,000000006520,12,018,12yySySWT0000OS0,12yySySWT0000OS0,Funky afro wig with adjustable elastic strap,WT0000,OS0,a2678WT0000OS0,,ホワイト,ワンサイズ,,,940,20141214,1,00,101,0,ウィッグ　アクリル
110001,001,00001,000000006521,21,001,21r90gERD0000OS0,21r90gERD0000OS0,C156 Fur Trimmed Sequin Christmas Hat,RD0000,OS0,c156RD0000OS0,,レッド,ワンサイズ,,,900,20141214,1,00,101,0,ハット　ナイロン
110001,001,00001,000000006521,21,002,21omYU4RDWT00S00,21omYU4RDWT00S00,Santa’s Baby 1pc. Sequin Romper with Fur Trim and Pleaded Ribbon Detail with Lace-up Back,RDWT00,S00,C168RDWT00S00,,レッド ホワイト,Sサイズ,,,3250,20141214,1,00,101,0,ロンパー　ポリエステル
110001,001,00001,000000006521,21,003,2183tiGWT0000SM0,2183tiGWT0000SM0,1pc. Candy Cane Cutie,WT0000,SM0,C175WT0000SM0,,ホワイト,S/Mサイズ,,,3250,20141214,1,00,101,0,ランジェリードレス　ナイロン
110001,001,00001,000000006522,05,001,0515970WT0000320,0515970WT0000320,20144 Stretch lace shelf BRA Sexy Lingerie Shirley of Hollywood,WT0000,320,20144WT0000320,,ホワイト,32(アンダーバスト70cm),,,1195,20141214,1,00,101,0,ブラジャー　ナイロン
110001,001,00001,000000006522,05,002,0501482WT0000OS0,0501482WT0000OS0,20145 Steretch lace strappy thong,WT0000,OS0,20145WT0000OS0,,ホワイト,ワンサイズ,,,495,20141214,2,00,101,0,パンティ　ナイロン
110001,001,00001,000000006522,05,003,05lCEzEWT0000S00,05lCEzEWT0000S00,3232 BABYDOLL LACE/MESH/CHARM SEXY LINGERIE Shirley of Hollywood,WT0000,S00,3232WT0000S00,,ホワイト,Sサイズ,,,1695,20141214,1,00,101,0,ベビードール　ナイロン
110001,001,00001,000000006522,05,004,058fY5LWT0000OS0,058fY5LWT0000OS0,WHITE VELVET CAT MASK,WT0000,OS0,905WT0000OS0,,ホワイト  ,ワンサイズ,,,895,20141214,1,00,101,0,仮面　プラスチック
110001,001,00001,000000006523,09,001,0979621WTNE00OS0,0979621WTNE00OS0,18271 Lip Stick Glow In The Dark,WTNE00,OS0,18271WTNE00OS0,,ホワイト ネオン（蛍光色）,ワンサイズ,,,374,20141214,1,00,101,0,アクセサリー　プラスチック
110001,001,00001,000000006524,09,001,0996260ND0000S00,0996260ND0000S00,BIKINI BUDDIES Triangle Cup Enhancers,ND0000,S00,TriangleCupEnhancersND0000S00,,ヌード  ,Sサイズ,,,295,20141214,3,00,101,0,ブラパッド　ナイロン
110001,001,00001,000000006524,09,002,0996261ND0000M00,0996261ND0000M00,BIKINI BUDDIES Triangle Cup Enhancers,ND0000,M00,TriangleCupEnhancersND0000M00,,ヌード  ,Mサイズ,,,295,20141214,3,00,101,0,ブラパッド　ナイロン
110001,001,00001,000000006525,40,001,403TORCFMBK00OS0,403TORCFMBK00OS0,Vexxed Eyes,FMBK00,OS0,vexxedeyesFMBK00OS0,,フレイム ブラック,ワンサイズ,,,1000,20141214,1,00,101,0,シール　紙
110001,001,00001,000000006526,34,001,3481779RD0000OS0,3481779RD0000OS0,1040SL Body Zone Garter Set with Leg Straps,RD0000,OS0,1040SLRD0000OS0,,レッド,ワンサイズ,,,670,20141214,1,00,101,0,レッグラップ　ポリエステル
110001,001,00001,000000006526,34,002,34Y4mnuWT0000OS0,34Y4mnuWT0000OS0,1201SL Go-Go Shorts,WT0000,OS0,1201slWT0000OS0,,ホワイト,ワンサイズ,,,650,20141214,1,00,101,0,ショーツ　ポリエステル
110001,001,00001,000000006526,34,003,34iDLSkBK0000OS0,34iDLSkBK0000OS0,pr1040fo dance wear Foil Garter Set w/ Spaghetti bodyzone,BK0000,OS0,pr1040foBK0000OS0,,ブラック,ワンサイズ,,,740,20141214,5,00,101,0,レッグラップ　ポリエステル
110001,001,00001,000000006526,34,004,34S95HYSV0000OS0,34S95HYSV0000OS0,pr1040fo dance wear Foil Garter Set w/ Spaghetti bodyzone,SV0000,OS0,pr1040foSV0000OS0,,シルバー,ワンサイズ,,,740,20141214,4,00,101,0,レッグラップ　ポリエステル
110001,001,00001,000000006526,34,005,3496912WT0000OS0,3496912WT0000OS0,un002 Bodyzone Criss Cross Crotchless Thong Sexy Panty,WT0000,OS0,un002WT0000OS0,,ホワイト,ワンサイズ,,,425,20141214,1,00,101,0,パンティ　ポリエステル
110001,001,00001,000000006527,41,001,4187892SV0000OS0,4187892SV0000OS0,0,SV0000,OS0,s28602SV0000OS0,,シルバー,ワンサイズ,,,450,20141214,1,00,101,0,アクセサリー　プラスチック
110001,001,00001,000000006528,10,001,1091881BK000010i,1091881BK000010i,0,BK0000,10i,BETTIE-10BK000010i,,ブラック,サイズ10(US),,,2600,20141214,1,00,101,0,パンプス　上合皮　下プラスチック
110001,001,00001,000000006528,10,002,1073918BKBK0011i,1073918BKBK0011i,PLEASER  Mid-Platform 6 Diamond DIAMOND-601,BKBK00,11i,DIAMOND-601BKBK0011i,,ブラック ブラック,サイズ11(US),,,2700,20141214,1,00,101,0,ブーツ　上合皮　下プラスチック
110001,001,00001,000000006528,10,003,1010624BKPU0009i,1010624BKPU0009i,DOMINA-3000,BKPU00,09i,DOMINA-3000BKPU0009i,,ブラック 合皮,サイズ9(US),,,2700,20141214,1,00,101,0,ブーツ　上合皮　下プラスチック
110001,001,00001,000000006528,10,004,1004300BKPT0008i,1004300BKPT0008i,ELECTRA-3050,BKPT00,08i,ELECTRA-3050BKPT0008i,,ブラック エナメル,サイズ8(US),,,2900,20141214,1,00,101,0,ブーツ　上合皮　下プラスチック
110001,001,00001,000000006528,10,005,1026649RDPT0006i,1026649RDPT0006i,Flair-436,RDPT00,06i,Flair-436RDPT0006i,,レッド エナメル,サイズ6(US),,,1600,20141214,1,00,101,0,ブーツ　上合皮　下プラスチック
110001,001,00001,000000006528,10,006,1017448BKPT0006i,1017448BKPT0006i,0,BKPT00,06i,Retro-302BKPT0006i,,ブラック エナメル,6インチ(US),,,1599,20141214,1,00,101,0,ブーツ　上合皮　下プラスチック
110001,001,00001,000000006528,10,007,1011958HP000007i,1011958HP000007i,Seduce-420-HPN Hot Pink Patent,HP0000,07i,Seduce-420-HPNHP000007i,,ホットピンク,サイズ7(US),,,1075,20141214,1,00,101,0,パンプス　上合皮　下プラスチック
110001,001,00001,000000006528,10,008,1076893RDPT0009i,1076893RDPT0009i,SEDUCE-420-RED  Red Patent,RDPT00,09i,SEDUCE-420-REDRDPT0009i,,レッド エナメル,サイズ9(US),,,1075,20141214,1,00,101,0,パンプス　上合皮　下プラスチック
110001,001,00001,000000006529,10,001,1030834BKPT0006i,1030834BKPT0006i,ADORE-3000,BKPT00,06i,ADORE-3000BKPT0006i,,ブラック エナメル,サイズ6(US),,,3300,20141214,1,00,101,0,ブーツ　上合皮　下プラスチック
110001,001,00001,000000006529,10,002,1035635NEWT0008i,1035635NEWT0008i,ADORE-708UV Pleaser USA Platform US Sandal 6 1/2 Heels Glow in the Dark,NEWT00,08i,ADORE-708UVNEWT0008i,,ネオン（蛍光色） ホワイト ,サイズ8(US),,,2300,20141214,1,00,101,0,サンダル　上ビニール　下プラスチック
110001,001,00001,000000006529,10,003,1077284HP000011i,1077284HP000011i,Delight-601FL please usa platform sandal clear heels 6 inch heel,HP0000,11i,Delight-601FLHP000011i,,ホットピンク,サイズ11(US),,,1600,20141214,1,00,101,0,サンダル　上ビニール　下プラスチック
110001,001,00001,000000006529,10,004,1017336BKPT0013i,1017336BKPT0013i,0,BKPT00,13i,Exotica-2020BKPT0013i,,ブラック エナメル,13インチ(US),,,1699,20141214,1,00,101,0,ブーツ　上合皮　下プラスチック
110001,001,00001,000000006529,10,005,1043508CLCL0007i,1043508CLCL0007i,Sky-301 Pleaser USA Clear Sandal 7 inch heels platforms,CLCL00,07i,Sky-301CLCL0007i,,クリア クリア ,サイズ7(US),,,1700,20141214,1,00,101,0,サンダル　上ビニール　下プラスチック
110001,001,00001,000000006530,11,001,1161368BKPU0008i,1161368BKPU0008i,5inch Heel Knee Boot With Whip,BKPU00,08i,511-sadieBKPU0008i,,ブラック 合皮,サイズ8(US),,,3200,20141214,1,00,101,0,ブーツ　上合皮　下プラスチック
110001,001,00001,000000006530,11,002,1123454BKPT0012i,1123454BKPT0012i,5.5 Heel Ankle Boot W/Inner Zipper.,BKPT00,12i,557-DOLLYBKPT0012i,,ブラック エナメル,サイズ12(US),,,1800,20141214,1,00,101,0,ブーツ　上合皮　下プラスチック
110001,001,00001,000000006530,11,003,1120496BK000007i,1120496BK000007i,5inch Boots,BK0000,07i,557-OLIVIABK000007i,,ブラック,7インチ(US),,,2700,20141214,1,00,101,0,ブーツ　上合皮　下プラスチック
110001,001,00001,000000006530,11,004,1122422BKPT0006i,1122422BKPT0006i,821-juliet,BKPT00,06i,821-JULIETBKPT0006i,,ブラック エナメル,サイズ6(US),,,2300,20141214,1,00,101,0,サンダル　上ビニール　下プラスチック
110001,001,00001,000000006530,11,005,1122445WTPT0006i,1122445WTPT0006i,821-juliet,WTPT00,06i,821-JULIETWTPT0006i,,ホワイト エナメル,サイズ6(US),,,2300,20141214,1,00,101,0,サンダル　上ビニール　下プラスチック
110001,001,00001,000000006531,10,001,1009931BKPT0011i,1009931BKPT0011i,DOMINA-1023,BKPT00,11i,DOMINA-1023BKPT0011i,,ブラック エナメル,サイズ11(US),,,2800,20141214,1,00,101,0,ブーツ　上合皮　下プラスチック
110001,001,00001,000000006531,10,002,1009573BKPT0010i,1009573BKPT0010i,DOMINA-460,BKPT00,10i,DOMINA-460BKPT0010i,,ブラック エナメル,サイズ10(US),,,2200,20141214,1,00,101,0,パンプス　上合皮　下プラスチック
110001,001,00001,000000006531,10,003,1038040BKCLHE06i,1038040BKCLHE06i,SKY-309 Pleaser USA Platform Sexy Heel Sandal 7 inch heels,BKCLHE,06i,SKY-309BKCLHE06i,,ブラック クリア ヒール,サイズ6(US),,,1700,20141214,1,00,101,0,サンダル　上ビニール　下プラスチック
110001,001,00001,000000006531,10,004,1037157BK00CL10i,1037157BK00CL10i,XTREME-840,BK00CL,10i,XTREME-840BK00CL10i,,ブラック  クリア,サイズ10(US),,,2700,20141214,1,00,101,0,サンダル　上ビニール　下プラスチック
110001,001,00001,000000006532,12,001,12bIebhBK0000OS0,12bIebhBK0000OS0,2625 Leg Avenue Costume Faux leather cat mask with corset lace up back,BK0000,OS0,2625BK0000OS0,,ブラック,ワンサイズ,,,517,20141214,1,00,101,0,マスク　合皮
110001,001,00001,000000006532,12,002,1212784BK0000ML0,1212784BK0000ML0,83122　4PC Cop costume　Halloween Leg Avenue,BK0000,ML0,83122BK0000ML0,,ブラック,M/Lサイズ,,,2800,20141214,3,00,101,0,コスチュームドレス　ナイロン
110001,001,00001,000000006532,12,003,1278596BK0000OS0,1278596BK0000OS0,83682 Leg Avenue Costume SWAT Commander Police Costume Halloween,BK0000,OS0,83682BK0000OS0,,ブラック,ワンサイズ,,,2880,20141214,1,00,101,0,コスチュームドレス　ナイロン
110001,001,00001,000000006532,12,004,1291461PKBK00S00,1291461PKBK00S00,86511 Karina Corset,PKBK00,S00,86511PKBK00S00,,ピンク ブラック,Sサイズ,,,3795,20141214,1,00,101,0,コルセット　合皮　ナイロン
110001,001,00001,000000006532,12,005,1214302BK0000OS0,1214302BK0000OS0,Rose lace thigh high,BK0000,OS0,9762BK0000OS0,,ブラック  ,ワンサイズ,,,250,20141214,6,00,101,0,ストッキング　ナイロン
110001,001,00001,000000006532,12,006,1281392BKRD00OS0,1281392BKRD00OS0,A1699 Reversible ribbon trimmed tutu,BKRD00,OS0,A1699BKRD00OS0,,ブラック レッド,ワンサイズ,,,850,20141214,1,00,101,0,ペチコート　ナイロン
110001,001,00001,000000006532,12,007,1266565BK0000OS0,1266565BK0000OS0,V1013 VINYL CAT MASK LEG AVENUE COSTUME,BK0000,OS0,V1013BK0000OS0,,ブラック,ワンサイズ,,,250,20141214,1,00,101,0,マスク　合皮
110001,001,00001,000000006533,21,001,2170703WT0000OS0,2170703WT0000OS0,4151,WT0000,OS0,4151WT0000OS0,,ホワイト,ワンサイズ,,,900,20141214,1,00,101,0,ペチコート　ナイロン
110001,001,00001,000000006533,21,002,21ZE5GLGMBK00S00,21ZE5GLGMBK00S00,Double Layered Cut Out Dress 1pc,GMBK00,S00,roma3138GMBK00S00,,ガンメタル ブラック,Sサイズ,,,2250,20141214,1,00,101,0,ランジェリードレス　ナイロン
110001,001,00001,000000006533,21,003,210IXg2WTPK00L00,210IXg2WTPK00L00,4219 2pcs classmate cutie Roma Costume,WTPK00,L00,4219romaWTPK00L00,,ホワイト ピンク,Lサイズ,,,1700,20141214,1,00,101,0,コスチュームドレス　ナイロン
110001,001,00001,000000006534,33,001,3381533OG0000OS0,3381533OG0000OS0,57341 8 inch Light Up Chemical Bracelet- Orange,OG0000,OS0,57341OG0000OS0,,オレンジ,ワンサイズ,,,60,20141214,6,00,101,0,アクセサリー　プラスチック
110001,001,00001,000000006534,33,002,3382206UE0000OS0,3382206UE0000OS0,57645 Chemical Light 8in Blue Bracelet,UE0000,OS0,57645UE0000OS0,,ブルー,ワンサイズ,,,60,20141214,6,00,101,0,アクセサリー　プラスチック
110001,001,00001,000000006534,33,003,3381532GR0000OS0,3381532GR0000OS0,57642 Chemical Light 8in Green Bracelet,GR0000,OS0,57642GR0000OS0,,グリーン,ワンサイズ,,,60,20141214,0,00,101,0,アクセサリー　プラスチック
110001,001,00001,000000006534,33,004,3381530PK0000OS0,3381530PK0000OS0,57643 Chemical Light 8in Pink Bracelet,PK0000,OS0,57643PK0000OS0,,ピンク,ワンサイズ,,,60,20141214,0,00,101,0,アクセサリー　プラスチック
110001,001,00001,000000006534,33,005,3381531YL0000OS0,3381531YL0000OS0,57644 Chemical Light 8in Yellow Bracelet,YL0000,OS0,57644YL0000OS0,,イエロー,ワンサイズ,,,60,20141214,0,00,101,0,アクセサリー　プラスチック
110001,001,00001,000000006535,20,001,2063723RD0000OS0,2063723RD0000OS0,1563 babydoll/baby doll/BABYDOLL & THONG Coquette,RD0000,OS0,1563RD0000OS0,,レッド,ワンサイズ,,,1850,20141214,1,00,101,0,ベビードール　ポリエステル
110001,001,00001,000000006536,05,001,052iueoGY0000L00,052iueoGY0000L00,25268 STRETCH MESH&ALLOVERLACE CHEMISE/BDOLL STRLACE&NET,GY0000,L00,25268GY0000L00,,グレイ  ,Lサイズ,,,1895,20141214,1,00,101,0,ベビードール　ポリエステル
110001,001,00001,000000006537,73,001,,,【血小板増多症治療薬】アナグレライド/ANAGRELIDE HCL 0.5 MG　100錠,,,CS011,,0.5MG,100錠,,,1422,20141214,2,00,101,0,
110001,001,00001,000000006537,73,002,,,【血小板増多症治療薬】アナグレライド/ANAGRELIDE HCL 1MG　100カプセル,,,CS012,,1MG,100カプセル,,,2182,20141214,5,00,101,0,
110001,001,00001,000000006538,31,001,31nVfYmBK0000OS0,31nVfYmBK0000OS0,34001 Stretch leg wrap,BK0000,OS0,34001BK0000OS0,,ブラック  ,ワンサイズ,,,450,20141214,6,00,101,0,レッグラップ　ナイロン
110001,001,00001,000000006538,31,002,3175684PKLO00OS0,3175684PKLO00OS0,0,PKLO00,OS0,35673PKLO00OS0,,ピンク ヒョウ柄,ワンサイズ,,,300,20141214,6,00,101,0,タイツ　ナイロン
110001,001,00001,000000006538,31,003,3179864RDWT00OS0,3179864RDWT00OS0,4142ml Music Legs Christmas Stocking,RDWT00,OS0,4142mlRDWT00OS0,,レッド ホワイト,ワンサイズ,,,600,20141214,6,00,101,0,ストッキング　ナイロン
110001,001,00001,000000006538,31,004,3189840BK0000OS0,3189840BK0000OS0,4755 opaque thigh hi with silver cross studs socks,BK0000,OS0,4755BK0000OS0,,ブラック,ワンサイズ,,,275,20141214,6,00,101,0,ストッキング　ナイロン
110001,001,00001,000000006538,31,005,31OLPGGRD0000OS0,31OLPGGRD0000OS0,Stay up thigh hi,RD0000,OS0,4953RD0000OS0,,レッド,ワンサイズ,,,450,20141214,6,00,101,0,タイツ　ナイロン
110001,001,00001,000000006538,31,006,31awtnLGR0000SM0,31awtnLGR0000SM0,Ms Elf. 5pc. Dress/headband/santa sack/gloves/thigh high,GR0000,SM0,70289GR0000SM0,,グリーン,S/Mサイズ,,,2200,20141214,1,00,101,0,コスチュームドレス　ナイロン
110001,001,00001,000000006538,31,007,31dF6wjGR0000XL0,31dF6wjGR0000XL0,Ms Elf. 5pc. Dress/headband/santa sack/gloves/thigh high,GR0000,XL0,70289GR0000XL0,,グリーン,ＸＬサイズ,,,2200,20141214,1,00,101,0,コスチュームドレス　ナイロン
110001,001,00001,000000006538,31,008,317U0hMGR0000XS0,317U0hMGR0000XS0,Ms Elf. 5pc. Dress/headband/santa sack/gloves/thigh high,GR0000,XS0,70289GR0000XS0,,グリーン,XSサイズ,,,2200,20141214,1,00,101,0,コスチュームドレス　ナイロン
110001,001,00001,000000006538,31,009,3197hJjRD0000OS0,3197hJjRD0000OS0,Fishnet garterbelt,RD0000,OS0,7900RD0000OS0,,レッド,ワンサイズ,,,375,20141214,6,00,101,0,ストッキング　ナイロン
110001,001,00001,000000006538,31,010,3175988BKPK00OS0,3175988BKPK00OS0,two tone spandex mini diamond net top with matching hot pants,BKPK00,OS0,9431BKPK00OS0,,BKPK,ワンサイズ,,,700,20141214,6,00,101,0,パンツ　綿　ポリエステル
110001,001,00001,000000006538,31,011,31nmKJzHPBK00OS0,31nmKJzHPBK00OS0,56081 Zebra print mini dress with lace ruffle shoulder strap,HPBK00,OS0,56081HPBK00OS0,,ホットピンク ブラック,ワンサイズ,,,850,20141214,1,00,101,0,ランジェリードレス　ナイロン
110001,001,00001,000000006539,08,001,08VwSO0GY0000OS0,08VwSO0GY0000OS0,Metallic Santa Hat With Faux Fur Contrast by Forplay,GY0000,OS0,113002GY0000OS0,,グレイ,ワンサイズ,,,700,20141214,2,00,101,0,ハット　綿
110001,001,00001,000000006539,08,002,08P5RuFRD0000OS0,08P5RuFRD0000OS0,Metallic Santa Hat With Faux Fur Contrast by Forplay,RD0000,OS0,113002RD0000OS0,,レッド,ワンサイズ,,,700,20141214,1,00,101,0,ハット　綿
110001,001,00001,000000006539,08,003,0878601KH0000SM0,0878601KH0000SM0,550069 Forplay 6Pc Including top with Matching Skirt and Cop Accessories,KH0000,SM0,550069KH0000SM0,,カーキ,S/Mサイズ,,,3400,20141214,1,00,101,0,コスチュームドレス　ナイロン　ポリエステル
110001,001,00001,000000006539,08,004,08Z9fDDGY0000SM0,08Z9fDDGY0000SM0,Metallic Santa costume set 3pc.Top/Panty/Gloves,GY0000,SM0,553906GY0000SM0,,グレイ,S/Mサイズ,,,2900,20141214,1,00,101,0,コスチュームドレス　ナイロン　ポリエステル
110001,001,00001,000000006539,08,005,08t61lYYL0000ML0,08t61lYYL0000ML0,Out For Vengeance Sexy Hero Costume,YL0000,ML0,554655YL0000ML0,,イエロー,M/Lサイズ,,,3400,20141214,1,00,101,0,コスチュームドレス　ナイロン　ポリエステル
110001,001,00001,000000006540,01,001,0106806BK0000M00,0106806BK0000M00,Leather LaceUP Pants,BK0000,M00,16-105BK0000M00,,ブラック,Mサイズ,,,6950,20141214,1,00,101,0,パンツ　合皮
110001,001,00001,000000006541,20,001,20QzITVRDBK00S00,20QzITVRDBK00S00,3648 - Chemise,RDBK00,S00,3648RDBK00S00,,レッド ブラック,Sサイズ,,,2000,20141214,1,00,101,0,
110001,001,00001,000000006542,09,001,0996260ND0000S00,0996260ND0000S00,BIKINI BUDDIES Triangle Cup Enhancers,ND0000,S00,TriangleCupEnhancersND0000S00,,ヌード  ,Sサイズ,,,295,20141214,1,00,101,0,
110001,001,00001,000000006543,12,001,1200211BK0000OS0,1200211BK0000OS0,Sheer stocking.,BK0000,OS0,1001BK0000OS0,,ブラック,ワンサイズ,,,65,20141214,6,00,101,0,ストッキング　ナイロン
110001,001,00001,000000006543,12,002,12FvX6kBK0000OS0,12FvX6kBK0000OS0,Spandex ultra sheer stockings Black,BK0000,OS0,1059laBK0000OS0,,ブラック,ワンサイズ,,,250,20141214,6,00,101,0,ストッキング　ナイロン
110001,001,00001,000000006543,12,003,122LcB2BK0000OS0,122LcB2BK0000OS0,Spandex ultra sheer backseam stockings Black,BK0000,OS0,1060laBK0000OS0,,ブラック,ワンサイズ,,,300,20141214,6,00,101,0,ストッキング　ナイロン
110001,001,00001,000000006543,12,004,1266538WT0000OS0,1266538WT0000OS0,16B EXTRA LONG SATIN GLOVES Leg Avenue Costume Lingerie,WT0000,OS0,16BWT0000OS0,,ホワイト  ,ワンサイズ,,,500,20141214,1,00,101,0,手袋　ポリエステル
110001,001,00001,000000006543,12,005,12BlnxjWTRD00OS0,12BlnxjWTRD00OS0,6005 Nylon striped stockings leg avenue,WTRD00,OS0,6005WTRD00OS0,,ホワイト レッド,ワンサイズ,,,141,20141214,6,00,101,0,ストッキング　ナイロン
110001,001,00001,000000006543,12,006,12dPp8TTQPP00OS0,12dPp8TTQPP00OS0,Neon striped thigh highs ,TQPP00,OS0,6335TQPP00OS0,,ターコイス パープル ,ワンサイズ,,,235,20141214,6,00,101,0,ストッキング　ナイロン
110001,001,00001,000000006543,12,007,1282764PKNEBKOS0,1282764PKNEBKOS0,0,PKNEBK,OS0,6618LAPKNEBKOS0,,ピンク ネオン（蛍光色） ブラック,ワンサイズ,,,750,20141214,1,00,101,0,ストッキング　ナイロン
110001,001,00001,000000006543,12,008,1293225BK0000OS0,1293225BK0000OS0,81345 Butterfly sequin strappy g-string teddy,BK0000,OS0,81345BK0000OS0,,ブラック  ,ワンサイズ,,,1000,20141214,1,00,101,0,テディ　ポリエステル
110001,001,00001,000000006543,12,009,12oViMQBK0000S00,12oViMQBK0000S00,85340　MILITARY KEYHOLE CATSUIT,BK0000,S00,85340BK0000S00,,ブラック,Sサイズ,,,2350,20141214,1,00,101,0,コスチューム　ポリエステル
110001,001,00001,000000006543,12,010,1282648PKNE00OS0,1282648PKNE00OS0,86380 Leg avenue Industrial Net keyhole cut out mini dress,PKNE00,OS0,86380PKNE00OS0,,ピンク ネオン（蛍光色）,ワンサイズ,,,450,20141214,2,00,101,0,ドレス　ポリエステル
110001,001,00001,000000006543,12,011,12mzDsRBK0000OS0,12mzDsRBK0000OS0,STRAPPY MINI DRESS WITH BODICE,BK0000,OS0,86568BK0000OS0,,ブラック,ワンサイズ,,,650,20141214,1,00,101,0,ドレス　ポリエステル
110001,001,00001,000000006543,12,012,1293245BK0000OS0,1293245BK0000OS0,89077 Floral bouquet lace suspender bodystocking with net panel detail,BK0000,OS0,89077BK0000OS0,,ブラック,ワンサイズ,,,900,20141214,1,00,101,0,ストッキング　ナイロン
110001,001,00001,000000006543,12,013,1293244BK0000OS0,1293244BK0000OS0,89078 Floral lace teddy with net panel accent and shredded strap detail,BK0000,OS0,89078BK0000OS0,,ブラック,ワンサイズ,,,700,20141214,1,00,101,0,テディ　ポリエステル
110001,001,00001,000000006543,12,014,12qgwZqBK0000OS0,12qgwZqBK0000OS0,LACE LONG SLEEVE BODYSTOCKING,BK0000,OS0,89108BK0000OS0,,ブラック,ワンサイズ,,,700,20141214,1,00,101,0,コスチューム　ポリエステル
110001,001,00001,000000006543,12,015,1292882BK0000OS0,1292882BK0000OS0,9168 Seamless trellis net pantyhose with lace panty,BK0000,OS0,9168BK0000OS0,,ブラック  ,ワンサイズ,,,500,20141214,1,00,101,0,ストッキング　ナイロン
110001,001,00001,000000006543,12,016,1254120BKBK00OS0,1254120BKBK00OS0,9213-6p,BKBK00,OS0,9213-6pBKBK00OS0,,ブラック ブラック,ワンサイズ,,,1140,20141214,1,00,101,0,ストッキング　ナイロン
110001,001,00001,000000006543,12,017,12E0tXUGD0000OS0,12E0tXUGD0000OS0,a2721　Goddess Headband,GD0000,OS0,a2721GD0000OS0,,ゴールド  ,ワンサイズ,,,376,20141214,2,00,101,0,アクセサリー　プラスチック
110001,001,00001,000000006543,12,018,12K6jpuBKPP00S00,12K6jpuBKPP00S00,DP85060 3PC Evil Queen Leg Avenue Costume,BKPP00,S00,dp85060BKPP00S00,,ブラック パープル ,Sサイズ,,,4500,20141214,1,00,101,0,コスチューム　ポリエステル
110001,001,00001,000000006544,21,001,2170658BKYL00SM0,2170658BKYL00SM0,4143 ROMA Costume,BKYL00,SM0,4143BKYL00SM0,,ブラック イエロー,S/Mサイズ,,,2950,20141214,1,00,101,0,コスチューム　ポリエステル
110001,001,00001,000000006544,21,002,21ZJnqERDWT00SM0,21ZJnqERDWT00SM0,c150 Roma Costume Christmas Santa Xmas North Pole Babe 2pc,RDWT00,SM0,c150RDWT00SM0,,レッド ホワイト,S/Mサイズ,,,3250,20141214,1,00,101,0,コスチューム　ポリエステル
110001,001,00001,000000006545,24,001,24frtLmWT0000S00,24frtLmWT0000S00,1024 Snowman Mini Dress,WT0000,S00,1024jvWT0000S00,,ホワイト,Sサイズ,,,4950,20141214,1,00,101,0,コスチューム　ポリエステル
110001,001,00001,000000006545,24,002,24TfSVFWT0000OS0,24TfSVFWT0000OS0,1026 Snowman Hood with Hat,WT0000,OS0,1026jvWT0000OS0,,ホワイト,ワンサイズ,,,3250,20141214,1,00,101,0,帽子　ポリエステル
110001,001,00001,000000006545,24,003,24anMFwUE0000SM0,24anMFwUE0000SM0,1033 Silver Star Bikini Set,UE0000,SM0,1033jvUE0000SM0,,ブルー,S/Mサイズ,,,2450,20141214,1,00,101,0,水着　ポリエステル
110001,001,00001,000000006545,24,004,24QheKoOC0000OS0,24QheKoOC0000OS0,1041 Jingle Bell Top&Tutu,OC0000,OS0,1041OC0000OS0,,写真の色,ワンサイズ,,,2975,20141214,1,00,101,0,コスチューム　ポリエステル
110001,001,00001,000000006545,24,005,24ukxZAUE0000OS0,24ukxZAUE0000OS0,443 Silver Star Deluxe Santa Hat,UE0000,OS0,443jvUE0000OS0,,ブルー,ワンサイズ,,,1475,20141214,1,00,101,0,帽子　ポリエステル
110001,001,00001,000000006546,10,001,1114287RD000012i,1114287RD000012i,5inch Heel Pumps,RD0000,12i,8220RD000012i,,レッド,サイズ12(US),,,1200,20141214,1,00,101,0,パンプス　上ビニール下プラスチック
110001,001,00001,000000006546,10,002,1114292WT000007i,1114292WT000007i,5inch Heel Pumps,WT0000,07i,8220WT000007i,,ホワイト,サイズ7(US),,,1200,20141214,1,00,101,0,パンプス　上ビニール下プラスチック
110001,001,00001,000000006546,10,003,1030843WTPT0008i,1030843WTPT0008i,ADORE-3000,WTPT00,08i,ADORE-3000WTPT0008i,,ホワイト エナメル,サイズ8(US),,,3300,20141214,1,00,101,0,パンプス　上ビニール下プラスチック
110001,001,00001,000000006546,10,004,10RBlAKRDCL0010i,10RBlAKRDCL0010i,captiva-609pl Pleaser USA 6 inch Platform Sandals Exotic Dancing,RDCL00,10i,captiva-609plRDCL0010i,,レッド クリア,サイズ10(US),,,2300,20141214,1,00,101,0,サンダル　上ビニール下プラスチック
110001,001,00001,000000006546,10,005,109WXKqBKPT0014i,109WXKqBKPT0014i,DAGGER-2042 Fetish Single Sole6 1/4 Dagger,BKPT00,14i,dagger-2042BKPT0014i,,ブラック エナメル,サイズ14(US),,,5600,20141214,1,00,101,0,ブーツ　上ビニール下プラスチック
110001,001,00001,000000006546,10,006,10mE2L1HPNE0007i,10mE2L1HPNE0007i,DELIGHT-609UVG Ankle Strap Sandal Featuring UV Blacklight Effect in Glowing Neon Colors,HPNE00,07i,delight-609uvgHPNE0007i,,ホットピンク ネオン（蛍光色） ,サイズ7(US),,,2700,20141214,1,00,101,0,サンダル　上ビニール下プラスチック
110001,001,00001,000000006546,10,007,1036388BKBK0006i,1036388BKBK0006i,Kiss-206,BKBK00,06i,Kiss-206BKBK0006i,,ブラック ブラック,サイズ6(US),,,1700,20141214,1,00,101,0,ブーツ　上ビニール下プラスチック
110001,001,00001,000000006546,10,008,1095267CL000008i,1095267CL000008i,Lip-101 Pleaser USA Clear Heel Shoes 5 Unit Bottom Sandal,CL0000,08i,Lip-101CL000008i,,クリア,サイズ8(US),,,1500,20141214,1,00,101,0,サンダル　上ビニール下プラスチック
110001,001,00001,000000006546,10,009,1038025WT000007i,1038025WT000007i,SKY-309 Pleaser USA Platform Sexy Heel Sandal 7 inch heels,WT0000,07i,SKY-309WT000007i,,ホワイト,サイズ7(US),,,1700,20141214,1,00,101,0,サンダル　上ビニール下プラスチック
110001,001,00001,000000006547,30,001,30U5cGaUE0000OS0,30U5cGaUE0000OS0,stm-40109 Seven till Midnight Satin Gloves Sexy Lingerie,UE0000,OS0,stm-40109UE0000OS0,,ブルー,ワンサイズ,,,500,20141214,1,00,101,0,手袋　ポリエステル
110001,001,00001,000000006547,30,002,30JpzWuRD0000SM0,30JpzWuRD0000SM0,STM-9796 Hustle Bustle Boyshort,RD0000,SM0,stm-9796RD0000SM0,,レッド,S/Mサイズ,,,600,20141214,1,00,101,0,チュチュ　ポリエステル
110001,001,00001,000000006547,30,003,304wgKnRD0000OS0,304wgKnRD0000OS0,Teddy And Wristcuff Set. Packaged.,RD0000,OS0,STM-9948PRD0000OS0,,レッド,ワンサイズ,,,1200,20141214,2,00,101,0,テディ　ポリエステル
110001,001,00001,000000006547,30,004,303bz4cRD0000OS0,303bz4cRD0000OS0,Bow Bra Set. Packaged.,RD0000,OS0,STM-9964PRD0000OS0,,レッド,ワンサイズ,,,1100,20141214,2,00,101,0,パンティ　ポリエステル
110001,001,00001,000000006547,30,005,30lA1dFRD0000S00,30lA1dFRD0000S00,Diamond Mesh Babydoll With Thong. Non Packaged.,RD0000,S00,STM-9976RD0000S00,,レッド,Sサイズ,,,1400,20141214,1,00,101,0,パンティ　ポリエステル
110001,001,00001,000000006548,34,001,34x19wmBK0000OS0,34x19wmBK0000OS0,1200SL - Micro Shorts,BK0000,OS0,1200slBK0000OS0,,ブラック  ,ワンサイズ,,,650,20141214,1,00,101,0,ショーツ　ポリエステル
110001,001,00001,000000006548,34,002,3481772WT0000OS0,3481772WT0000OS0,1020SL Body Zone Spaghetti Leg Wrap 60inch double pieces,WT0000,OS0,1020SLWT0000OS0,,ホワイト,ワンサイズ,,,250,20141214,1,00,101,0,レッグラップ　ビニール
110001,001,00001,000000006549,20,001,2061154BK0000S00,2061154BK0000S00,Darque-D991 CATSUIT Darque/Wet look/Bondage/Fetish DARQUE,BK0000,S00,Darque-D991BK0000S00,,ブラック,Sサイズ,,,3500,20141214,1,00,101,0,キャットスーツ　ビニール
110001,001,00001,000000006550,40,001,403TORCFMBK00OS0,403TORCFMBK00OS0,Vexxed Eyes,FMBK00,OS0,vexxedeyesFMBK00OS0,,フレイム ブラック,ワンサイズ,,,1000,20141214,1,00,101,0,シール　紙
110001,001,00001,000000006551,71,001,,,【糖尿病治療薬】【プレコース/グルコバイ】アカルボース/ACARBOSE 100MG 100錠,,,DM073,,100MG,100TAB,,,3519,20141214,1,00,101,0,
110001,001,00001,000000006551,71,002,,,アミトリプチリン塩酸塩/AMITRIPTYLINE HCL 50 MG  100錠,,,PS133,,0.5MG,90TAB,,,203,20141214,1,00,101,0,
110001,001,00001,000000006551,71,003,,,【血栓症の治療薬】シロスタゾール/ CILOSTAZOL 50MG 60錠,,,CS061,,,,,,2000,20141214,1,00,101,0,
110001,001,00001,000000006551,71,004,,,ミコフェノール酸モフェチル/MYCOPHENOLATE MOFETIL 500MG 100錠,,,IS012,,2MG,30TAB,,,4950,20141214,1,00,101,0,
110001,001,00001,000000006551,71,005,,,VALACYCLOVIR バラシクロビル　VALACYCLOVIR HCL 500 MG 30錠,,,ID231,,2MG,30TAB,,,5642,20141214,2,00,101,0,
110001,001,00001,000000006552,11,001,11dASPmBK000006i,11dASPmBK000006i,400-GOTHIKA Satin Knee High Boot,BK0000,06i,400-gothikaBK000006i,,ブラック  ,サイズ6(US),,,3200,20141214,1,00,101,0,ブーツ　上ビニール下プラスチック
110001,001,00001,000000006552,11,002,1120022CL000007i,1120022CL000007i,405-BROOK 4inch Heel Clear Sandal Ellie Shoes 4 inch heels,CL0000,07i,405-BROOKCL000007i,,クリア,サイズ7(US),,,1500,20141214,1,00,101,0,サンダル　上ビニール下プラスチック
110001,001,00001,000000006552,11,003,1112726BK000010i,1112726BK000010i,5inch Heel Stretch Thigh Boot W/Innerzipper.,BK0000,10i,516-FantasyBK000010i,,ブラック,サイズ10(US),,,2900,20141214,1,00,101,0,ブーツ　上ビニール下プラスチック
110001,001,00001,000000006553,01,001,01MalIhBK0000S00,01MalIhBK0000S00,Faux  Leather Bra & G-String Set,BK0000,S00,12-0102BK0000S00,,ブラック,Sサイズ,,,1350,20141214,1,00,101,0,ブラ　ナイロン
110001,001,00001,000000006554,21,001,21JOjbzGM0000S00,21JOjbzGM0000S00,1pc Mini Dress with Full Zip up Front Detail,GM0000,S00,roma3139GM0000S00,,ガンメタル,Sサイズ,,,2250,20141214,1,00,101,0,ドレス　ナイロン
110001,001,00001,000000006555,08,001,080mgEvGR0000ML0,080mgEvGR0000ML0,552408　Militant Muse Sexy Soldier Costume,GR0000,ML0,552408GR0000ML0,,グリーン,M/Lサイズ,,,3400,20141214,1,00,101,0,コスチュームドレス　ナイロン
110001,001,00001,000000006555,08,002,08KulUGRD0000ML0,08KulUGRD0000ML0,Peppermint Candy Striped bodysuit with zipfront closure by Forplay,RD0000,ML0,553901RD0000ML0,,レッド,M/Lサイズ,,,2400,20141214,1,00,101,0,コスチュームドレス　ナイロン
110001,001,00001,000000006555,08,003,08u7gWvRD0000XSS,08u7gWvRD0000XSS,Naughty Or Nice Velvet Santa Cutout Bodysuit by Forplay,RD0000,XSS,553905RD0000XSS,,レッド,XS/Sサイズ,,,3400,20141214,1,00,101,0,コスチュームドレス　ナイロン
110001,001,00001,000000006555,08,004,08nB7wXRD0000M00,08nB7wXRD0000M00,Mesh Contrast Dress　Long sleeve bodycon scuba dress with mesh contrast and piping,RD0000,M00,884529RD0000M00,,レッド,Mサイズ,,,2450,20141214,1,00,101,0,ドレス　ナイロン
110001,001,00001,000000006556,31,001,3150kADWT0000OS0,3150kADWT0000OS0,Spandex big diamond net thighHi with marabou top,WT0000,OS0,4929WT0000OS0,,ホワイト,ワンサイズ,,,550,20141214,6,00,101,0,タイツ　ナイロン
110001,001,00001,000000006556,31,002,314nrXbRDWTLUSM0,314nrXbRDWTLUSM0,Adventurous Traveler 4 pc. tutu dress with sequin details/hat/arm warmer/thigh hi,RDWTLU,SM0,70601RDWTLUSM0,,レッド ホワイト スカイブルー,S/Mサイズ,,,2400,20141214,1,00,101,0,コスチュームドレス　ナイロン　綿
110001,001,00001,000000006556,31,003,31WBaatNVRD00L00,31WBaatNVRD00L00,Ahoy Matie 3pc. Shirt/pants/hat,NVRD00,L00,76007NVRD00L00,,ネイビーブルー レッド,Lサイズ,,,1800,20141214,3,00,101,0,コスチュームドレス　ナイロン　ポリエステル
110001,001,00001,000000006556,31,004,31LNujUNVRD00M00,31LNujUNVRD00M00,Ahoy Matie 3pc. Shirt/pants/hat,NVRD00,M00,76007NVRD00M00,,ネイビーブルー レッド,Mサイズ,,,1800,20141214,3,00,101,0,コスチュームドレス　ナイロン　ポリエステル
110001,001,00001,000000006556,31,005,31lTAkhBK0000OS0,31lTAkhBK0000OS0,8277 Cut-out back opaque teddy,BK0000,OS0,8277BK0000OS0,,ブラック,ワンサイズ,,,550,20141214,1,00,101,0,テディ　ナイロン
110001,001,00001,000000006557,71,001,ID013,ID013,【ヘルペス治療薬】アシクロビル/Acyclovir　800mg 100カプセル,,,ID013,,800MG,100CAP,,,3799,20141214,4,00,101,0,
110001,001,00001,000000006557,71,002,,,ノルトリプチリン/NORTRIPTYLINE 10 MG 100カプセル,,,PS231,,2MG,30TAB,,,281,20141214,2,00,101,0,
110001,001,00001,000000006557,71,003,,,ロピニロール塩酸塩 /ROPINIROLE HCL EQ 5MG  100錠,,,AZ082,,,,,,2700,20141214,2,00,101,0,
110001,001,00001,000000006558,01,001,01FgigVBKRD00OS0,01FgigVBKRD00OS0,Passion Fur Wrist Cuffs,BKRD00,OS0,2062alBKRD00OS0,,ブラック レッド,ワンサイズ,,,1000,20141214,1,00,101,0,アクセサリー　プラスチック
110001,001,00001,000000006558,01,002,01geNIvBKRD00OS0,01geNIvBKRD00OS0,Passion Fur Ankle Cuffs,BKRD00,OS0,2063alBKRD00OS0,,ブラック レッド,ワンサイズ,,,1000,20141214,1,00,101,0,アクセサリー　プラスチック
110001,001,00001,000000006558,01,003,0106790BK0000M00,0106790BK0000M00,Low Rise Boot Cut Leather Pants,BK0000,M00,16-300BK0000M00,,ブラック,Mサイズ,,,7975,20141214,1,00,101,0,パンツ　合皮
110001,001,00001,000000006558,01,004,01m56BTBK0000S00,01m56BTBK0000S00,17-0402 Faux Leather Corset Dress,BK0000,S00,17-0402BK0000S00,,ブラック,Sサイズ,,,2450,20141214,1,00,101,0,ワンピース　合皮
110001,001,00001,000000006559,34,001,34QTQlFYLMT00OS0,34QTQlFYLMT00OS0,ne1813mu Glowstick Backless Dress Bodyzone Dance Rave Wear UV react Neon Explosion,YLMT00,OS0,ne1813muYLMT00OS0,,イエロー マルチカラー,ワンサイズ,,,2800,20141214,2,00,101,0,ドレス　ナイロン
110001,001,00001,000000006559,34,002,34S95HYSV0000OS0,34S95HYSV0000OS0,pr1040fo dance wear Foil Garter Set w/ Spaghetti bodyzone,SV0000,OS0,pr1040foSV0000OS0,,シルバー,ワンサイズ,,,740,20141214,1,00,101,0,レッグラップ　ポリエステル
110001,001,00001,000000006560,20,001,20urxMrBK0000OS0,20urxMrBK0000OS0,1706 STOCKINGS COQUETTE,BK0000,OS0,1706BK0000OS0,,ブラック,ワンサイズ,,,125,20141214,6,00,101,0,ストッキング　ナイロン
110001,001,00001,000000006560,20,002,2063864WT0000OS0,2063864WT0000OS0,1726 STOCKINGS Sheer thigh high stockings with lace topCOQUETTE,WT0000,OS0,1726WT0000OS0,,ホワイト  ,ワンサイズ,,,200,20141214,3,00,101,0,ストッキング　ナイロン
110001,001,00001,000000006560,20,003,2096104BK0000OS0,2096104BK0000OS0,1756 Sheer back seam thigh high stockings,BK0000,OS0,1756BK0000OS0,,ブラック  ,ワンサイズ,,,150,20141214,6,00,101,0,ストッキング　ナイロン
110001,001,00001,000000006560,20,004,2096108RD0000OS0,2096108RD0000OS0,1769 Fence net thigh high stocking,RD0000,OS0,1769CQTRD0000OS0,,レッド,ワンサイズ,,,225,20141214,3,00,101,0,ストッキング　ナイロン
110001,001,00001,000000006560,20,005,20BT32YBK0000OS0,20BT32YBK0000OS0,1952 Lycra chemise,BK0000,OS0,1952BK0000OS0,,ブラック  ,ワンサイズ,,,890,20141214,1,00,101,0,スリップ　ナイロン
110001,001,00001,000000006560,20,006,20WKnwUWT0000OS0,20WKnwUWT0000OS0,1979 Scalloped stretch lace and sheer lycra babydoll with center front bow,WT0000,OS0,1979WT0000OS0,,ホワイト,ワンサイズ,,,890,20141214,1,00,101,0,スリップ　ナイロン
110001,001,00001,000000006560,20,007,2095936BK0000OS0,2095936BK0000OS0,D1729 Darque Wetlook thigh high stay up stockings with scalloped lace silicone grip tops,BK0000,OS0,D1729BK0000OS0,,ブラック,ワンサイズ,,,800,20141214,6,00,101,0,ストッキング　ナイロン
110001,001,00001,000000006560,20,008,2087318BK0000OS0,2087318BK0000OS0,d9243 Garter Belt Darque/Wet look/Bondage/Fetish DARQUE,BK0000,OS0,d9243BK0000OS0,,ブラック  ,ワンサイズ,,,1200,20141214,1,00,101,0,ガーター　ナイロン
110001,001,00001,000000006560,20,009,2087337BK0000XL0,2087337BK0000XL0,D9248 Dress Darque/Wet look/Bondage/Fetish DARQUE/SM,BK0000,XL0,D9248BK0000XL0,,ブラック,ＸＬサイズ,,,1800,20141214,1,00,101,0,ドレス　ナイロン
110001,001,00001,000000006560,20,010,2087342BK0000S00,2087342BK0000S00,D9251 Dress Darque/Wet look/Bondage/Fetish DARQUE/SM,BK0000,S00,D9251BK0000S00,,ブラック,Sサイズ,,,2200,20141214,1,00,101,0,ワンピース　ナイロン
110001,001,00001,000000006560,20,011,2095939BK0000L00,2095939BK0000L00,D9254 Wetlook skirt with stretch lace side panels lace up back and garters DARQUE,BK0000,L00,D9254BK0000L00,,ブラック,Lサイズ,,,1750,20141214,1,00,101,0,ガーター　ナイロン
110001,001,00001,000000006560,20,012,2096098BK0000OS0,2096098BK0000OS0,D9267 Wetlook crotchless panty with small center front bow and ruching down center back,BK0000,OS0,D9267BK0000OS0,,ブラック,ワンサイズ,,,500,20141214,2,00,101,0,パンティ　ナイロン
110001,001,00001,000000006561,11,001,1147961BK000006i,1147961BK000006i,361-Sasha,BK0000,06i,361-SashaBK000006i,,ブラック,6インチ(US),,,1200,20141214,1,00,101,0,サンダル　上ビニール　下プラスチック
110001,001,00001,000000006561,11,002,1147962BK000007i,1147962BK000007i,361-Sasha,BK0000,07i,361-SashaBK000007i,,ブラック,サイズ7(US),,,1200,20141214,1,00,101,0,サンダル　上ビニール　下プラスチック
110001,001,00001,000000006561,11,003,1140124CL000006i,1140124CL000006i,6 Pointed Stiletto Mule.,CL0000,06i,609-VanityCL000006i,,クリア,サイズ6(US),,,1700,20141214,1,00,101,0,サンダル　上ビニール　下プラスチック
110001,001,00001,000000006561,11,004,11dClE8BK000010i,11dClE8BK000010i,633-PAYTON-V Fetish Pump In Velvet,BK0000,10i,633-payton-vBK000010i,,ブラック,サイズ10(US),,,2500,20141214,1,00,101,0,パンプス　上合皮　下プラスチック
110001,001,00001,000000006561,11,005,11WJbqlGY000010i,11WJbqlGY000010i,633-PAYTON-V Fetish Pump In Velvet,GY0000,10i,633-payton-vGY000010i,,グレイ,サイズ10(US),,,2500,20141214,1,00,101,0,パンプス　上合皮　下プラスチック
110001,001,00001,000000006561,11,006,1122422BKPT0006i,1122422BKPT0006i,821-juliet,BKPT00,06i,821-JULIETBKPT0006i,,ブラック エナメル,サイズ6(US),,,2300,20141214,1,00,101,0,サンダル　上ビニール　下プラスチック
110001,001,00001,000000006561,11,007,1123211BKPT0006i,1123211BKPT0006i,5 Heel Knee Boots W/Zipper.,BKPT00,06i,EASYBKPT0006i,,ブラック エナメル,サイズ6(US),,,1900,20141214,1,00,101,0,ブーツ　上合皮　下プラスチック
110001,001,00001,000000006562,04,001,0489628WTPK00S00,0489628WTPK00S00,22867H True Bliss Bustier Coat Set with Hose,WTPK00,S00,22867HWTPK00S00,,ホワイト ピンク,Sサイズ,,,2850,20141214,1,00,101,0,ビスチェ　ナイロン
110001,001,00001,000000006563,08,001,08BjPmMGD0000LXL,08BjPmMGD0000LXL,112001 Solid Zipfront Jumpsuit made in USA,GD0000,LXL,112001GD0000LXL,,ゴールド,L/XLサイズ,,,1950,20141214,1,00,101,0,ジャンプスーツ　ポリエステル
110001,001,00001,000000006563,08,002,08uXJRHRD0000SM0,08uXJRHRD0000SM0,Candy Cane Sexy Holiday Set by Forplay 3pc. Top/Panty/Gloves,RD0000,SM0,553900RD0000SM0,,レッド,S/Mサイズ,,,2900,20141214,1,00,101,0,コスチュームドレス　ナイロン
110001,001,00001,000000006563,08,003,08Y5azeRD0000XSS,08Y5azeRD0000XSS,Peppermint Candy Striped bodysuit with zipfront closure by Forplay,RD0000,XSS,553901RD0000XSS,,レッド,XS/Sサイズ,,,2400,20141214,1,00,101,0,コスチュームドレス　ナイロン
110001,001,00001,000000006563,08,004,08qpFS6RD0000XSS,08qpFS6RD0000XSS,Cinnamon Spice Metallic Santa Bodysuit by Forplay,RD0000,XSS,553902RD0000XSS,,レッド,XS/Sサイズ,,,2900,20141214,1,00,101,0,コスチュームドレス　ナイロン
110001,001,00001,000000006563,08,005,085dulgGD0000S00,085dulgGD0000S00,883805 Glitz,GD0000,S00,883805GD0000S00,,ゴールド,Sサイズ,,,2250,20141214,1,00,101,0,ドレス　ナイロン
110001,001,00001,000000006564,24,001,24I78jZWT0000SM0,24I78jZWT0000SM0,1027 Snowman Tie-side Bikini,WT0000,SM0,1027jvWT0000SM0,,ホワイト,S/Mサイズ,,,2450,20141214,1,00,101,0,ビキニ　ポリエステル
110001,001,00001,000000006564,24,002,24JvexCWTRD00S00,24JvexCWTRD00S00,1028 Candy Cane Hooded Dress,WTRD00,S00,1028jvWTRD00S00,,ホワイト レッド,Sサイズ,,,6950,20141214,1,00,101,0,コスチュームドレス　ナイロン
110001,001,00001,000000006565,12,001,12ic2KfWT0000OSX,12ic2KfWT0000OSX,1101Q Nylon sheer thigh highs with lace top,WT0000,OSX,1011qWT0000OSX,,ホワイト,OSX,,,259,20141214,6,00,101,0,ストッキング　ナイロン
110001,001,00001,000000006565,12,002,1275247BK0000OS0,1275247BK0000OS0,Lycra Sheer French Cut Panty Hose W/Jacquard Flower O/S,BK0000,OS0,1300BK0000OS0,,ブラック,ワンサイズ,,,336,20141214,6,00,101,0,ストッキング　ナイロン
110001,001,00001,000000006565,12,003,1253131ND0000OS0,1253131ND0000OS0,1901-6pk,ND0000,OS0,1901-6pkND0000OS0,,ヌード  ,ワンサイズ,,,475,20141214,1,00,101,0,ストッキング　ナイロン
110001,001,00001,000000006565,12,004,1264081BK0000OS0,1264081BK0000OS0,Sheer suspender pantyhose,BK0000,OS0,1901BK0000OS0,,ブラック  ,ワンサイズ,,,125,20141214,6,00,101,0,ストッキング　ナイロン
110001,001,00001,000000006565,12,005,1273096BK0000OS0,1273096BK0000OS0,Velvet opera length gloves O/S BLACK,BK0000,OS0,2052BK0000OS0,,ブラック,ワンサイズ,,,600,20141214,1,00,101,0,グローブ　ナイロン
110001,001,00001,000000006565,12,006,12eB4a9WTRB00OS0,12eB4a9WTRB00OS0,2672 2PC Unicorn kit unicorn wig w/adjustable elastic strap rainbow tail leg avenue,WTRB00,OS0,2672WTRB00OS0,,ホワイト レインボー,ワンサイズ,,,1645,20141214,2,00,101,0,ウィッグ　アクリル
110001,001,00001,000000006565,12,007,12LoYBXBK0000OS0,12LoYBXBK0000OS0,2708　Golden Star General Hat,BK0000,OS0,2708BK0000OS0,,ブラック  ,ワンサイズ,,,940,20141214,1,00,101,0,ハット　ナイロン
110001,001,00001,000000006565,12,008,1291353RD0000SM0,1291353RD0000SM0,2922LA Spandex tanga panty with tulle ruffle back,RD0000,SM0,2922LARD0000SM0,,レッド,S/Mサイズ,,,1295,20141214,1,00,101,0,パンティ　ナイロン
110001,001,00001,000000006565,12,009,1291335RD0000M00,1291335RD0000M00,2949 Stretch cotton panty with sheer train and oversized bow back  Leg Avenue Buresque,RD0000,M00,2949RD0000M00,,レッド,Mサイズ,,,800,20141214,1,00,101,0,パンティ　ナイロン
110001,001,00001,000000006565,12,010,1219847BK0000OS0,1219847BK0000OS0,8471 2Pc Opaque Sheer Criss Cross Body Suit And Matching O/S BLACK Leg Avenue,BK0000,OS0,8471BK0000OS0,,ブラック  ,ワンサイズ,,,800,20141214,2,00,101,0,テディ　ナイロン
110001,001,00001,000000006565,12,011,12ifsK1WT0000ML0,12ifsK1WT0000ML0,85010  3 PC Fantasy Unicorn/Leg Avenue Costume,WT0000,ML0,85010WT0000ML0,,ホワイト,M/Lサイズ,,,3000,20141214,1,00,101,0,コスチュームドレス　ナイロン　ポリエステル
110001,001,00001,000000006565,12,012,12qxA1aBKGD00ML0,12qxA1aBKGD00ML0,Anubis 2pc dress/headband,BKGD00,ML0,85207BKGD00ML0,,ブラック ゴールド,M/Lサイズ,,,1880,20141214,1,00,101,0,コスチュームドレス　ナイロン　ポリエステル
110001,001,00001,000000006565,12,013,12el5wdPKNE00OS0,12el5wdPKNE00OS0,86579 Seamless pothole mini dress with 3/4 sleeve,PKNE00,OS0,86579PKNE00OS0,,ピンク ネオン（蛍光色） ,ワンサイズ,,,600,20141214,1,00,101,0,ワンピース　ナイロン
110001,001,00001,000000006565,12,014,12FyZ3iBK0000OS0,12FyZ3iBK0000OS0,9001,BK0000,OS0,9001laBK0000OS0,,ブラック,ワンサイズ,,,100,20141214,6,00,101,0,ストッキング　ナイロン
110001,001,00001,000000006565,12,015,1213882WT0000OS0,1213882WT0000OS0,0,WT0000,OS0,9021WT0000OS0,,ホワイト,ワンサイズ,,,175,20141214,6,00,101,0,ストッキング　ナイロン
110001,001,00001,000000006565,12,016,1292887BK0000OS0,1292887BK0000OS0,9173 Swirl net pantyhose with braided side seam detail,BK0000,OS0,9173BK0000OS0,,ブラック  ,ワンサイズ,,,550,20141214,1,00,101,0,ストッキング　ナイロン
110001,001,00001,000000006565,12,017,1214300BK0000OS0,1214300BK0000OS0,Dragon tattoo sheer pantyhose,BK0000,OS0,9910BK0000OS0,,ブラック  ,ワンサイズ,,,130,20141214,6,00,101,0,ストッキング　ナイロン
110001,001,00001,000000006565,12,018,1288208BK0000OS0,1288208BK0000OS0,A1918LA Bullet belt with pouch,BK0000,OS0,A1918LABK0000OS0,,ブラック,ワンサイズ,,,600,20141214,1,00,101,0,
110001,001,00001,000000006566,31,001,31QH9rWAM0000SM0,31QH9rWAM0000SM0,70285 Foreign Legion,AM0000,SM0,70285AM0000SM0,,迷彩,S/Mサイズ,,,2200,20141214,3,00,101,0,コスチュームドレス　ナイロン　ポリエステル
110001,001,00001,000000006566,31,002,31ZsZi8BRPP00SM0,31ZsZi8BRPP00SM0,70514 5 pc samurai halter dress Ninjya Asia Music Legs Sexy Halloween Costumu,BRPP00,SM0,70514BRPP00SM0,,ブラウン パープル,S/Mサイズ,,,2300,20141214,2,00,101,0,コスチュームドレス　ナイロン　ポリエステル
110001,001,00001,000000006567,33,001,33JeLNeUE0000OS0,33JeLNeUE0000OS0,52588 California Gurl Deluxe Wig,UE0000,OS0,52588UE0000OS0,,ブルー,ワンサイズ,,,1400,20141214,1,00,101,0,ウィッグ　アクリル
110001,001,00001,000000006568,21,001,21O5AEzWT0000L00,21O5AEzWT0000L00,4293　4pc Fantasy Bride,WT0000,L00,4293WT0000L00,,ホワイト,Lサイズ,,,3950,20141214,1,00,101,0,コスチュームドレス　ナイロン　ポリエステル
110001,001,00001,000000006568,21,002,21uIs6URDWT00SM0,21uIs6URDWT00SM0,Christmas Beauty 1pc.  Fur Trimmed Hooded Mini Dress,RDWT00,SM0,C163RDWT00SM0,,レッド ホワイト,S/Mサイズ,,,3450,20141214,1,00,101,0,コスチュームドレス　ナイロン　ポリエステル
110001,001,00001,000000006568,21,003,21o3jFHLUMT00SM0,21o3jFHLUMT00SM0,1pc Romper w/ Detachable Fur Trimmed Hood,LUMT00,SM0,roma-3079LUMT00SM0,,スカイブルー マルチカラー,S/Mサイズ,,,2750,20141214,1,00,101,0,ロンパー　ポリエステル
110001,001,00001,000000006568,21,004,21THAcnSV0000OS0,21THAcnSV0000OS0,SH2967 Sequin Shorts,SV0000,OS0,sh2967SV0000OS0,,シルバー,ワンサイズ,,,1250,20141214,1,00,101,0,パンティ　ナイロン
110001,001,00001,000000006568,21,005,2175077BK0000OS0,2175077BK0000OS0,SKLQ107 Metalic Double Layer Skirt with R.STone Buckle,BK0000,OS0,SKLQ107BK0000OS0,,ブラック,ワンサイズ,,,1200,20141214,1,00,101,0,スカート　ナイロン
110001,001,00001,000000006569,05,001,0595377HP0000OS0,0595377HP0000OS0,90283,HP0000,OS0,90283HP0000OS0,,ホットピンク,ワンサイズ,,,895,20141214,1,00,101,0,ランジェリードレス　ナイロン
110001,001,00001,000000006569,05,002,0571808BK0000380,0571808BK0000380,20410 BRA SHELF LACE Sexy Lingerie Shirley of Hollywood,BK0000,380,20410BK0000380,,ブラック  ,38(アンダーバスト85cm),,,1175,20141214,1,00,101,0,ブラジャー　ナイロン
110001,001,00001,000000006569,05,003,05VO8bFBK0000OS0,05VO8bFBK0000OS0,Solid Tube Top and Tie Bow Strappy Chemise,BK0000,OS0,90337BK0000OS0,,ブラック,ワンサイズ,,,695,20141214,6,00,101,0,ランジェリードレス　ナイロン
110001,001,00001,000000006569,05,004,05QouI5BK0000OS0,05QouI5BK0000OS0,90315 BODYSTOCKING ULTR-STARPPY,BK0000,OS0,90315BK0000OS0,,ブラック,ワンサイズ,,,900,20141214,1,00,101,0,ボディストッキング　ナイロン
110001,001,00001,000000006570,10,001,10AVG6yCL000009i,10AVG6yCL000009i,ADORE-708MR Ankle Strap Sandal Featuring Entire PF Bottom Embellished W/ Multi Size Stones,CL0000,09i,adore-708mrCL000009i,,クリア,サイズ9(US),,,6000,20141214,1,00,101,0,サンダル　上ビニール　下プラスチック
110001,001,00001,000000006570,10,002,10cC9fMBK000008i,10cC9fMBK000008i,ADORE-709SCH Ankle Strap Sandal,BK0000,08i,adore-709schBK000008i,,ブラック,サイズ8(US),,,2600,20141214,1,00,101,0,サンダル　上ビニール　下プラスチック
110001,001,00001,000000006570,10,003,1030854BK000012i,1030854BK000012i,Delight-4000,BK0000,12i,Delight-4000BK000012i,,ブラック,サイズ12(US),,,3700,20141214,1,00,101,0,ブーツ　上合皮　下プラスチック
110001,001,00001,000000006570,10,004,10G1gUfBKGRNE10i,10G1gUfBKGRNE10i,DELIGHT-600-33 Strappy Ankle Boot Featuring UV Blacklight Effect Back Zip,BKGRNE,10i,delight-600-33BKGRNE10i,,ブラック グリーン ネオン（蛍光色）,サイズ10(US),,,3800,20141214,1,00,101,0,ブーツ　上合皮　下プラスチック
110001,001,00001,000000006570,10,005,1073923WTWT0008i,1073923WTWT0008i,PLEASER  Mid-Platform 6 Diamond DIAMOND-601,WTWT00,08i,DIAMOND-601WTWT0008i,,ホワイト ホワイト,サイズ8(US),,,2700,20141214,1,00,101,0,パンプス　上合皮　下プラスチック
110001,001,00001,000000006570,10,006,1004288BKPT0010i,1004288BKPT0010i,ELECTRA-3028,BKPT00,10i,ELECTRA-3028BKPT0010i,,ブラック エナメル,サイズ10(US),,,3300,20141214,1,00,101,0,ブーツ　上合皮　下プラスチック
110001,001,00001,000000006570,10,007,1076963BKPT0005i,1076963BKPT0005i,GOGO-300　gogo boots,BKPT00,05i,GOGO-300BKPT0005i,,ブラック エナメル,サイズ5(US),,,1775,20141214,2,00,101,0,パンプス　上合皮　下プラスチック
110001,001,00001,000000006570,10,008,1076964BKPT0006i,1076964BKPT0006i,GOGO-300　gogo boots,BKPT00,06i,GOGO-300BKPT0006i,,ブラック エナメル,サイズ6(US),,,1775,20141214,1,00,101,0,パンプス　上合皮　下プラスチック
110001,001,00001,000000006570,10,009,1076966BKPT0008i,1076966BKPT0008i,GOGO-300　gogo boots,BKPT00,08i,GOGO-300BKPT0008i,,ブラック エナメル,サイズ8(US),,,1775,20141214,1,00,101,0,パンプス　上合皮　下プラスチック
110001,001,00001,000000006570,10,010,1076967BKPT0009i,1076967BKPT0009i,GOGO-300　gogo boots,BKPT00,09i,GOGO-300BKPT0009i,,ブラック エナメル,サイズ9(US),,,1775,20141214,1,00,101,0,パンプス　上合皮　下プラスチック
110001,001,00001,000000006570,10,011,1076969BKPT0011i,1076969BKPT0011i,GOGO-300　gogo boots,BKPT00,11i,GOGO-300BKPT0011i,,ブラック エナメル,サイズ11(US),,,1775,20141214,1,00,101,0,パンプス　上合皮　下プラスチック
110001,001,00001,000000006570,10,012,1076970BKPT0012i,1076970BKPT0012i,GOGO-300　gogo boots,BKPT00,12i,GOGO-300BKPT0012i,,ブラック エナメル,サイズ12(US),,,1775,20141214,2,00,101,0,パンプス　上合皮　下プラスチック
110001,001,00001,000000006570,10,013,1077101PPPT0013i,1077101PPPT0013i,GOGO-300　gogo boots,PPPT00,13i,GOGO-300PPPT0013i,,パープル エナメル,サイズ13(US),,,1775,20141214,1,00,101,0,パンプス　上合皮　下プラスチック
110001,001,00001,000000006570,10,014,10UTU6uRD000005i,10UTU6uRD000005i,GOGO-300F,RD0000,05i,gogo-300fpleaserRD000005i,,レッド,サイズ5(US),,,2300,20141214,1,00,101,0,ブーツ　上合皮　下プラスチック
110001,001,00001,000000006570,10,015,1076899BKPT0005i,1076899BKPT0005i,SEDUCE-420-BKPAT  Black Patent,BKPT00,05i,SEDUCE-420-BKPATBKPT0005i,,ブラック エナメル,サイズ5(US),,,1075,20141214,1,00,101,0,パンプス　上合皮　下プラスチック
110001,001,00001,000000006570,10,016,1082075BKPU0008i,1082075BKPU0008i,0,BKPU00,08i,TECHNO-854UVBKPU0008i,,ブラック 合皮,8インチ(US),,,7900,20141214,1,00,101,0,ブーツ　上合皮　下プラスチック
110001,001,00001,000000006571,10,001,1090678BKSV0007i,1090678BKSV0007i,0,BKSV00,07i,CRYPTO-315BKSV0007i,,ブラック シルバー,サイズ7(US),,,5500,20141214,1,00,101,0,ブーツ　上合皮　下プラスチック
110001,001,00001,000000006571,10,002,1034025CLSV0011i,1034025CLSV0011i,DELIGHT-601Chrome,CLSV00,11i,DELIGHT-601ChromeCLSV0011i,,クリア シルバー,サイズ11(US),,,2000,20141214,1,00,101,0,ブーツ　上合皮　下プラスチック
110001,001,00001,000000006571,10,003,10JLL2IND000011i,10JLL2IND000011i,DESTINY-06R w/ Multi Size Rhinestones Embellished on Vamp,ND0000,11i,destiny-06rND000011i,,ヌード,サイズ11(US),,,1900,20141214,1,00,101,0,パンプス　上合皮　下プラスチック
110001,001,00001,000000006571,10,004,1010623BKPU0008i,1010623BKPU0008i,DOMINA-3000,BKPU00,08i,DOMINA-3000BKPU0008i,,ブラック 合皮,サイズ8(US),,,2700,20141214,1,00,101,0,ブーツ　上合皮　下プラスチック
110001,001,00001,000000006571,10,005,1078523GDPU0011i,1078523GDPU0011i,0,GDPU00,11i,GYPSY-03GDPU0011i,,ゴールド 合皮,11インチ(US),,,1899,20141214,1,00,101,0,サンダル　上ビニール　下プラスチック
110001,001,00001,000000006571,10,006,1030737BK000007i,1030737BK000007i,Taboo-3000,BK0000,07i,Taboo-3000BK000007i,,ブラック,サイズ7(US),,,3700,20141214,1,00,101,0,ブーツ　上合皮　下プラスチック
110001,001,00001,000000006572,33,001,3381532GR0000OS0,3381532GR0000OS0,57642 Chemical Light 8in Green Bracelet,GR0000,OS0,57642GR0000OS0,,グリーン,ワンサイズ,,,60,20141214,12,00,101,0,アクセサリー　プラスチック
110001,001,00001,000000006572,33,002,3381530PK0000OS0,3381530PK0000OS0,57643 Chemical Light 8in Pink Bracelet,PK0000,OS0,57643PK0000OS0,,ピンク,ワンサイズ,,,60,20141214,12,00,101,0,アクセサリー　プラスチック
110001,001,00001,000000006572,33,003,3381531YL0000OS0,3381531YL0000OS0,57644 Chemical Light 8in Yellow Bracelet,YL0000,OS0,57644YL0000OS0,,イエロー,ワンサイズ,,,60,20141214,12,00,101,0,アクセサリー　プラスチック
110001,001,00001,000000006572,33,004,33nOHcUPP0000OS0,33nOHcUPP0000OS0,8 inch Purple Chemical Light Bracelet,PP0000,OS0,57641PP0000OS0,,パープル,ワンサイズ,,,12,20141214,50,00,101,0,アクセサリー　プラスチック
110001,001,00001,000000006573,30,001,3089601RD0000M00,3089601RD0000M00,0,RD0000,M00,STM-9531PRD0000M00,,レッド,Mサイズ,,,1500,20141214,1,00,101,0,ランジェリー　ポリエステル
110001,001,00001,000000006573,30,002,30UmHJvRD0000LXL,30UmHJvRD0000LXL,STM-9772 Naughty n’ Nice Bustier,RD0000,LXL,stm-9772RD0000LXL,,レッド  ,L/XLサイズ,,,1800,20141214,1,00,101,0,ランジェリー　ポリエステル
110001,001,00001,000000006573,30,003,304wgKnRD0000OS0,304wgKnRD0000OS0,Teddy And Wristcuff Set. Packaged.,RD0000,OS0,STM-9948PRD0000OS0,,レッド,ワンサイズ,,,1200,20141214,2,00,101,0,ランジェリー　ポリエステル
110001,001,00001,000000006573,30,004,30EBR92RD0000M00,30EBR92RD0000M00,Chiffon Fly Away Babydoll Set,RD0000,M00,STM-9954RD0000M00,,レッド,Mサイズ,,,1200,20141214,1,00,101,0,ランジェリー　ポリエステル
110001,001,00001,000000006573,30,005,303bz4cRD0000OS0,303bz4cRD0000OS0,Bow Bra Set. Packaged.,RD0000,OS0,STM-9964PRD0000OS0,,レッド,ワンサイズ,,,1100,20141214,2,00,101,0,ランジェリー　ポリエステル
110001,001,00001,000000006573,30,006,301C4utRD0000M00,301C4utRD0000M00,Diamond Mesh Babydoll With Thong. Non Packaged.,RD0000,M00,STM-9976RD0000M00,,レッド,Mサイズ,,,1400,20141214,1,00,101,0,ランジェリー　ポリエステル
110001,001,00001,000000006574,24,001,2485837BKRD00SM0,2485837BKRD00SM0,0,BKRD00,SM0,6001FBKRD00SM0,,ブラック レッド,S/Mサイズ,,,2250,20141214,2,00,101,0,パンツ　ナイロン
110001,001,00001,000000006574,24,002,24hN7R2BKRD00OS0,24hN7R2BKRD00OS0,444 Red/Black Deluxe Santa Hat,BKRD00,OS0,444jvBKRD00OS0,,ブラック レッド,ワンサイズ,,,1375,20141214,2,00,101,0,ハット　ナイロン
110001,001,00001,000000006574,24,003,24OVfYBUEPKGDS00,24OVfYBUEPKGDS00,MARDI GRAS COSTUME 3PC　TOP/SKIRT/HEADBAND,UEPKGD,S00,80073UEPKGDS00,,ブルー ピンク ゴールド,Sサイズ,,,3950,20141214,1,00,101,0,コスチュームドレス　ナイロン　ポリエステル
110001,001,00001,000000006575,33,001,3381551WT0000OS0,3381551WT0000OS0,6549 Money Boa Rubies Costume,WT0000,OS0,6549WT0000OS0,,ホワイト,ワンサイズ,,,750,20141214,6,00,101,0,アクセサリー　プラスチック
110001,001,00001,000000006576,18,001,1861406MC0000OS0,1861406MC0000OS0,CharmMochaBrown,MC0000,OS0,CharmMochaBrownMC0000OS0,,モカブラウン,ワンサイズ,,,1200,20141214,1,00,101,0,ウィッグ　アクリル
110001,001,00001,000000006577,11,001,1120022CL000007i,1120022CL000007i,405-BROOK 4inch Heel Clear Sandal Ellie Shoes 4 inch heels,CL0000,07i,405-BROOKCL000007i,,クリア,サイズ7(US),,,1500,20141214,1,00,101,0,
110001,001,00001,000000006577,11,002,1112726BK000010i,1112726BK000010i,5inch Heel Stretch Thigh Boot W/Innerzipper.,BK0000,10i,516-FantasyBK000010i,,ブラック,サイズ10(US),,,2900,20141214,1,00,101,0,
110001,001,00001,000000006577,11,003,11dASPmBK000006i,11dASPmBK000006i,400-GOTHIKA Satin Knee High Boot,BK0000,06i,400-gothikaBK000006i,,ブラック  ,サイズ6(US),,,3200,20141214,1,00,101,0,
